"FECHA DE JUEGO","SORTEO","NÃšMERO","SERIE"
"2007 Jan 05 12:00:00 AM","3834","3652","149"
"2007 Jan 12 12:00:00 AM","3835","9407","080"
"2007 Jan 19 12:00:00 AM","3836","9864","097"
"2007 Jan 26 12:00:00 AM","3837","5589","054"
"2007 Feb 02 12:00:00 AM","3838","1721","102"
"2007 Feb 09 12:00:00 AM","3839","5318","111"
"2007 Feb 16 12:00:00 AM","3840","3407","189"
"2007 Feb 23 12:00:00 AM","3841","5723","164"
"2007 Mar 02 12:00:00 AM","3842","1047","175"
"2007 Mar 09 12:00:00 AM","3843","1563","193"
"2007 Mar 16 12:00:00 AM","3844","1655","226"
"2007 Mar 23 12:00:00 AM","3845","0957","190"
"2007 Mar 30 12:00:00 AM","3846","4055","211"
"2007 Apr 04 12:00:00 AM","3847","2680","087"
"2007 Apr 13 12:00:00 AM","3848","5208","159"
"2007 Apr 20 12:00:00 AM","3849","2485","052"
"2007 Apr 27 12:00:00 AM","3850","6373","093"
"2007 May 04 12:00:00 AM","3851","2902","146"
"2007 May 11 12:00:00 AM","3852","8235","142"
"2007 May 18 12:00:00 AM","3853","0900","189"
"2007 May 25 12:00:00 AM","3854","1407","166"
"2007 Jun 01 12:00:00 AM","3855","3697","009"
"2007 Jun 08 12:00:00 AM","3856","0252","209"
"2007 Jun 15 12:00:00 AM","3857","8259","016"
"2007 Jun 22 12:00:00 AM","3858","4101","200"
"2007 Jun 29 12:00:00 AM","3859","1944","211"
"2007 Jul 06 12:00:00 AM","3860","1545","064"
"2007 Jul 13 12:00:00 AM","3861","1364","097"
"2007 Jul 21 12:00:00 AM","3862","2086","183"
"2007 Jul 27 12:00:00 AM","3863","5028","016"
"2007 Aug 03 12:00:00 AM","3864","6327","208"
"2007 Aug 10 12:00:00 AM","3865","9141","120"
"2007 Aug 17 12:00:00 AM","3866","9371","180"
"2007 Aug 24 12:00:00 AM","3867","9482","157"
"2007 Aug 31 12:00:00 AM","3868","6090","234"
"2007 Sep 07 12:00:00 AM","3869","8251","207"
"2007 Sep 14 12:00:00 AM","3870","2522","007"
"2007 Sep 21 12:00:00 AM","3871","7265","224"
"2007 Sep 28 12:00:00 AM","3872","0372","036"
"2007 Oct 05 12:00:00 AM","3873","5490","037"
"2007 Oct 12 12:00:00 AM","3874","7875","136"
"2007 Oct 19 12:00:00 AM","3875","0880","112"
"2007 Oct 26 12:00:00 AM","3876","3108","085"
"2007 Nov 02 12:00:00 AM","3877","2820","104"
"2007 Nov 09 12:00:00 AM","3878","2025","229"
"2007 Nov 16 12:00:00 AM","3879","1544","101"
"2007 Nov 23 12:00:00 AM","3880","3730","233"
"2007 Nov 30 12:00:00 AM","3881","3055","115"
"2007 Dec 07 12:00:00 AM","3882","4123","016"
"2007 Dec 14 12:00:00 AM","3883","5699","049"
"2007 Dec 21 12:00:00 AM","3884","3243","191"
"2007 Dec 28 12:00:00 AM","3885","0149","190"
"2008 Jan 04 12:00:00 AM","3886","7113","115"
"2008 Jan 11 12:00:00 AM","3887","2912","186"
"2008 Jan 18 12:00:00 AM","3888","8413","134"
"2008 Jan 25 12:00:00 AM","3889","8767","073"
"2008 Feb 01 12:00:00 AM","3890","2057","217"
"2008 Feb 08 12:00:00 AM","3891","0034","148"
"2008 Feb 15 12:00:00 AM","3892","8919","003"
"2008 Feb 22 12:00:00 AM","3893","3776","083"
"2008 Feb 29 12:00:00 AM","3894","4755","058"
"2008 Mar 07 12:00:00 AM","3895","1865","158"
"2008 Mar 14 12:00:00 AM","3896","1363","125"
"2008 Mar 22 12:00:00 AM","3897","3036","219"
"2008 Mar 28 12:00:00 AM","3898","9511","193"
"2008 Apr 04 12:00:00 AM","3899","5379","044"
"2008 Apr 11 12:00:00 AM","3900","9234","210"
"2008 Apr 18 12:00:00 AM","3901","6549","105"
"2008 Apr 25 12:00:00 AM","3902","4169","174"
"2008 May 02 12:00:00 AM","3903","3324","202"
"2008 May 09 12:00:00 AM","3904","3704","090"
"2008 May 16 12:00:00 AM","3905","5329","129"
"2008 May 23 12:00:00 AM","3906","1828","164"
"2008 May 30 12:00:00 AM","3907","1678","246"
"2008 Jun 06 12:00:00 AM","3908","9591","008"
"2008 Jun 13 12:00:00 AM","3909","5327","128"
"2008 Jun 20 12:00:00 AM","3910","9541","165"
"2008 Jun 27 12:00:00 AM","3911","2852","023"
"2008 Jul 04 12:00:00 AM","3912","9603","237"
"2008 Jul 11 12:00:00 AM","3913","7972","194"
"2008 Jul 18 12:00:00 AM","3914","9435","108"
"2008 Jul 25 12:00:00 AM","3915","9717","238"
"2008 Aug 01 12:00:00 AM","3916","1022","143"
"2008 Aug 08 12:00:00 AM","3917","4122","121"
"2008 Aug 15 12:00:00 AM","3918","9332","133"
"2008 Aug 22 12:00:00 AM","3919","7631","235"
"2008 Aug 29 12:00:00 AM","3920","7827","099"
"2008 Sep 05 12:00:00 AM","3921","7780","085"
"2008 Sep 12 12:00:00 AM","3922","6499","170"
"2008 Sep 19 12:00:00 AM","3923","3839","180"
"2008 Sep 26 12:00:00 AM","3924","0170","237"
"2008 Oct 03 12:00:00 AM","3925","7049","249"
"2008 Oct 10 12:00:00 AM","3926","7944","121"
"2008 Oct 17 12:00:00 AM","3927","1885","033"
"2008 Oct 24 12:00:00 AM","3928","4895","182"
"2008 Oct 31 12:00:00 AM","3929","9014","188"
"2008 Nov 07 12:00:00 AM","3930","9472","216"
"2008 Nov 14 12:00:00 AM","3931","2234","035"
"2008 Nov 21 12:00:00 AM","3932","9993","242"
"2008 Nov 28 12:00:00 AM","3933","2356","132"
"2008 Dec 05 12:00:00 AM","3934","6064","074"
"2008 Dec 12 12:00:00 AM","3935","4178","071"
"2008 Dec 19 12:00:00 AM","3936","5468","101"
"2008 Dec 26 12:00:00 AM","3937","3045","153"
"2009 Jan 02 12:00:00 AM","3938","1363","068"
"2009 Jan 09 12:00:00 AM","3939","2868","152"
"2009 Jan 16 12:00:00 AM","3940","1983","246"
"2009 Jan 23 12:00:00 AM","3941","3981","131"
"2009 Jan 30 12:00:00 AM","3942","7035","063"
"2009 Jan 06 12:00:00 AM","3943","5842","243"
"2009 Feb 13 12:00:00 AM","3944","0863","162"
"2009 Feb 20 12:00:00 AM","3945","9651","073"
"2009 Feb 27 12:00:00 AM","3946","6882","123"
"2009 Mar 06 12:00:00 AM","3947","8826","034"
"2009 Mar 13 12:00:00 AM","3948","3801","093"
"2009 Mar 20 12:00:00 AM","3949","8543","068"
"2009 Mar 27 12:00:00 AM","3950","0268","166"
"2009 Apr 03 12:00:00 AM","3951","6291","022"
"2009 Apr 11 12:00:00 AM","3952","7789","241"
"2009 Apr 17 12:00:00 AM","3953","5255","154"
"2009 Apr 24 12:00:00 AM","3954","7725","040"
"2009 May 02 12:00:00 AM","3955","4922","068"
"2009 May 08 12:00:00 AM","3956","5772","033"
"2009 May 15 12:00:00 AM","3957","4759","248"
"2009 May 22 12:00:00 AM","3958","3851","071"
"2009 May 29 12:00:00 AM","3959","5082","050"
"2009 Jun 05 12:00:00 AM","3960","9316","006"
"2009 Jun 12 12:00:00 AM","3961","6125","138"
"2009 Jun 19 12:00:00 AM","3962","5416","106"
"2009 Jun 26 12:00:00 AM","3963","6510","061"
"2009 Jul 03 12:00:00 AM","3964","0099","193"
"2009 Jul 10 12:00:00 AM","3965","8847","076"
"2009 Jul 17 12:00:00 AM","3966","8390","127"
"2009 Jul 24 12:00:00 AM","3967","6645","071"
"2009 Jul 31 12:00:00 AM","3968","2837","054"
"2009 Aug 08 12:00:00 AM","3969","4712","226"
"2009 Aug 14 12:00:00 AM","3970","6517","173"
"2009 Aug 21 12:00:00 AM","3971","0859","163"
"2009 Aug 28 12:00:00 AM","3972","3287","150"
"2009 Sep 04 12:00:00 AM","3973","7315","045"
"2009 Sep 11 12:00:00 AM","3974","2889","204"
"2009 Sep 18 12:00:00 AM","3975","3550","102"
"2009 Sep 25 12:00:00 AM","3976","8896","162"
"2009 Oct 02 12:00:00 AM","3977","4939","140"
"2009 Oct 09 12:00:00 AM","3978","4762","141"
"2009 Oct 16 12:00:00 AM","3979","6566","010"
"2009 Oct 23 12:00:00 AM","3980","0775","048"
"2009 Oct 30 12:00:00 AM","3981","4702","138"
"2009 Nov 06 12:00:00 AM","3982","4371","175"
"2009 Nov 13 12:00:00 AM","3983","1028","053"
"2009 Nov 20 12:00:00 AM","3984","3391","105"
"2009 Nov 27 12:00:00 AM","3985","6639","154"
"2009 Dec 04 12:00:00 AM","3986","1592","087"
"2009 Dec 11 12:00:00 AM","3987","9583","106"
"2009 Dec 18 12:00:00 AM","3988","6431","151"
"2009 Dec 26 12:00:00 AM","3989","2759","226"
"2010 Jan 02 12:00:00 AM","3990","6259","156"
"2010 Jan 08 12:00:00 AM","3991","4548","239"
"2010 Jan 15 12:00:00 AM","3992","2411","100"
"2010 Jan 22 12:00:00 AM","3993","5264","198"
"2010 Jan 29 12:00:00 AM","3994","6978","188"
"2010 Feb 05 12:00:00 AM","3995","9063","216"
"2010 Feb 12 12:00:00 AM","3996","2803","215"
"2010 Feb 19 12:00:00 AM","3997","9776","112"
"2010 Feb 26 12:00:00 AM","3998","2350","002"
"2010 Mar 05 12:00:00 AM","3999","2727","041"
"2010 Mar 12 12:00:00 AM","4000","4559","170"
"2010 Mar 19 12:00:00 AM","4001","3548","167"
"2010 Mar 26 12:00:00 AM","4002","8050","190"
"2010 Apr 03 12:00:00 AM","4003","8079","137"
"2010 Apr 09 12:00:00 AM","4004","3374","153"
"2010 Apr 16 12:00:00 AM","4005","2049","053"
"2010 Apr 23 12:00:00 AM","4006","9024","100"
"2010 Apr 30 12:00:00 AM","4007","8127","233"
"2010 May 07 12:00:00 AM","4008","4038","227"
"2010 May 14 12:00:00 AM","4009","3343","130"
"2010 May 21 12:00:00 AM","4010","9496","157"
"2010 May 28 12:00:00 AM","4011","0169","197"
"2010 Jun 04 12:00:00 AM","4012","5456","044"
"2010 Jun 11 12:00:00 AM","4013","6754","186"
"2010 Jun 18 12:00:00 AM","4014","6692","056"
"2010 Jun 25 12:00:00 AM","4015","3292","196"
"2010 Jul 02 12:00:00 AM","4016","6180","080"
"2010 Jul 09 12:00:00 AM","4017","9060","093"
"2010 Jul 16 12:00:00 AM","4018","7321","103"
"2010 Jul 23 12:00:00 AM","4019","2705","092"
"2010 Jul 30 12:00:00 AM","4020","1276","094"
"2010 Aug 06 12:00:00 AM","4021","8473","012"
"2010 Aug 13 12:00:00 AM","4022","9448","122"
"2010 Aug 20 12:00:00 AM","4023","1531","212"
"2010 Aug 27 12:00:00 AM","4024","0265","205"
"2010 Sep 03 12:00:00 AM","4025","9572","015"
"2010 Sep 10 12:00:00 AM","4026","8875","152"
"2010 Sep 17 12:00:00 AM","4027","7287","084"
"2010 Sep 24 12:00:00 AM","4028","6620","172"
"2010 Oct 01 12:00:00 AM","4029","9048","107"
"2010 Oct 08 12:00:00 AM","4030","6062","058"
"2010 Oct 15 12:00:00 AM","4031","3948","034"
"2010 Oct 22 12:00:00 AM","4032","2337","130"
"2010 Oct 29 12:00:00 AM","4033","1799","003"
"2010 Nov 05 12:00:00 AM","4034","3347","108"
"2010 Nov 12 12:00:00 AM","4035","8061","058"
"2010 Nov 19 12:00:00 AM","4036","0099","085"
"2010 Nov 26 12:00:00 AM","4037","3908","103"
"2010 Dec 03 12:00:00 AM","4038","5658","039"
"2010 Dec 10 12:00:00 AM","4039","3984","059"
"2010 Dec 17 12:00:00 AM","4040","6867","205"
"2010 Dec 24 12:00:00 AM","4041","4574","085"
"2010 Dec 31 12:00:00 AM","4042","0169","010"
"2011 Jan 07 12:00:00 AM","4043","0679","126"
"2011 Jan 14 12:00:00 AM","4044","6212","200"
"2011 Jan 21 12:00:00 AM","4045","2928","095"
"2011 Jan 28 12:00:00 AM","4046","5432","058"
"2011 Feb 04 12:00:00 AM","4047","9664","160"
"2011 Feb 11 12:00:00 AM","4048","2251","184"
"2011 Feb 18 12:00:00 AM","4049","0938","067"
"2011 Feb 25 12:00:00 AM","4050","0114","135"
"2011 Mar 04 12:00:00 AM","4051","6813","005"
"2011 Mar 11 12:00:00 AM","4052","6176","169"
"2011 Mar 18 12:00:00 AM","4053","0079","191"
"2011 Mar 25 12:00:00 AM","4054","5062","158"
"2011 Apr 01 12:00:00 AM","4055","6378","002"
"2011 Apr 08 12:00:00 AM","4056","5832","026"
"2011 Apr 15 12:00:00 AM","4057","5037","124"
"2011 Apr 22 12:00:00 AM","4058","2727","118"
"2011 Apr 29 12:00:00 AM","4059","3714","073"
"2011 May 06 12:00:00 AM","4060","0841","132"
"2011 May 13 12:00:00 AM","4061","9916","048"
"2011 May 20 12:00:00 AM","4062","2416","130"
"2011 May 27 12:00:00 AM","4063","2081","103"
"2011 Jun 03 12:00:00 AM","4064","9236","226"
"2011 Jun 10 12:00:00 AM","4065","2155","139"
"2011 Jun 17 12:00:00 AM","4066","8646","083"
"2011 Jun 24 12:00:00 AM","4067","1515","136"
"2011 Jul 01 12:00:00 AM","4068","0874","139"
"2011 Jul 08 12:00:00 AM","4069","4784","108"
"2011 Jul 15 12:00:00 AM","4070","3642","026"
"2011 Jul 22 12:00:00 AM","4071","1165","096"
"2011 Jul 29 12:00:00 AM","4072","3272","216"
"2011 Aug 05 12:00:00 AM","4073","0620","031"
"2011 Aug 12 12:00:00 AM","4074","9132","057"
"2011 Aug 19 12:00:00 AM","4075","7307","109"
"2011 Aug 26 12:00:00 AM","4076","5101","139"
"2011 Sep 02 12:00:00 AM","4077","3914","193"
"2011 Sep 09 12:00:00 AM","4078","9871","028"
"2011 Sep 16 12:00:00 AM","4079","7785","142"
"2011 Sep 23 12:00:00 AM","4080","4014","221"
"2011 Sep 30 12:00:00 AM","4081","8268","181"
"2011 Oct 07 12:00:00 AM","4082","5896","210"
"2011 Oct 14 12:00:00 AM","4083","1302","127"
"2011 Oct 21 12:00:00 AM","4084","6601","113"
"2011 Oct 28 12:00:00 AM","4085","8391","196"
"2011 Nov 04 12:00:00 AM","4086","4779","031"
"2011 Nov 11 12:00:00 AM","4087","6645","184"
"2011 Nov 18 12:00:00 AM","4088","9120","174"
"2011 Nov 25 12:00:00 AM","4089","8207","146"
"2011 Dec 02 12:00:00 AM","4090","7953","236"
"2011 Dec 09 12:00:00 AM","4091","7285","179"
"2011 Dec 16 12:00:00 AM","4092","6368","223"
"2011 Dec 23 12:00:00 AM","4093","5300","185"
"2011 Dec 30 12:00:00 AM","4094","3257","045"
"2012 Jan 06 12:00:00 AM","4095","2565","151"
"2012 Jan 13 12:00:00 AM","4096","2798","079"
"2012 Jan 20 12:00:00 AM","4097","0578","223"
"2012 Jan 27 12:00:00 AM","4098","6202","215"
"2012 Feb 03 12:00:00 AM","4099","2253","247"
"2012 Feb 10 12:00:00 AM","4100","7147","016"
"2012 Feb 17 12:00:00 AM","4101","2410","209"
"2012 Feb 24 12:00:00 AM","4102","1173","045"
"2012 Mar 02 12:00:00 AM","4103","1771","124"
"2012 Mar 09 12:00:00 AM","4104","3616","180"
"2012 Mar 16 12:00:00 AM","4105","9103","104"
"2012 Mar 23 12:00:00 AM","4106","3424","152"
"2012 Mar 30 12:00:00 AM","4107","2271","046"
"2012 Apr 07 12:00:00 AM","4108","6566","020"
"2012 Apr 13 12:00:00 AM","4109","4286","218"
"2012 Apr 20 12:00:00 AM","4110","0860","120"
"2012 Apr 27 12:00:00 AM","4111","7298","186"
"2012 May 04 12:00:00 AM","4112","9043","235"
"2012 May 11 12:00:00 AM","4113","6866","097"
"2012 May 18 12:00:00 AM","4114","7251","233"
"2012 May 25 12:00:00 AM","4115","0539","125"
"2012 Jun 01 12:00:00 AM","4116","4647","005"
"2012 Jun 08 12:00:00 AM","4117","1334","166"
"2012 Jun 15 12:00:00 AM","4118","3582","247"
"2012 Jun 22 12:00:00 AM","4119","0998","240"
"2012 Jun 29 12:00:00 AM","4120","5496","114"
"2012 Jul 06 12:00:00 AM","4121","7307","160"
"2012 Jul 13 12:00:00 AM","4122","0944","043"
"2012 Jul 21 12:00:00 AM","4123","5266","021"
"2012 Jul 27 12:00:00 AM","4124","3992","090"
"2012 Aug 03 12:00:00 AM","4125","4238","175"
"2012 Aug 10 12:00:00 AM","4126","1207","246"
"2012 Aug 17 12:00:00 AM","4127","9900","074"
"2012 Aug 24 12:00:00 AM","4128","9259","218"
"2012 Aug 31 12:00:00 AM","4129","9945","023"
"2012 Sep 07 12:00:00 AM","4130","8973","087"
"2012 Sep 14 12:00:00 AM","4131","9129","171"
"2012 Sep 21 12:00:00 AM","4132","6041","080"
"2012 Sep 28 12:00:00 AM","4133","7322","053"
"2012 Oct 05 12:00:00 AM","4134","7179","133"
"2012 Oct 12 12:00:00 AM","4135","0515","127"
"2012 Oct 19 12:00:00 AM","4136","6757","249"
"2012 Oct 26 12:00:00 AM","4137","2350","083"
"2012 Nov 02 12:00:00 AM","4138","6991","248"
"2012 Nov 09 12:00:00 AM","4139","1897","137"
"2012 Nov 16 12:00:00 AM","4140","5804","107"
"2012 Nov 23 12:00:00 AM","4141","5032","114"
"2012 Nov 30 12:00:00 AM","4142","0609","161"
"2012 Dec 07 12:00:00 AM","4143","5691","069"
"2012 Dec 14 12:00:00 AM","4144","0342","200"
"2012 Dec 21 12:00:00 AM","4145","3524","222"
"2012 Dec 28 12:00:00 AM","4146","8200","219"
"2013 Jan 04 12:00:00 AM","4147","1648","020"
"2013 Jan 11 12:00:00 AM","4148","2586","123"
"2013 Jan 18 12:00:00 AM","4149","0863","042"
"2013 Jan 25 12:00:00 AM","4150","3464","125"
"2013 Feb 01 12:00:00 AM","4151","9136","050"
"2013 Feb 08 12:00:00 AM","4152","5563","187"
"2013 Feb 15 12:00:00 AM","4153","6282","110"
"2013 Feb 22 12:00:00 AM","4154","3378","147"
"2013 Mar 01 12:00:00 AM","4155","4468","164"
"2013 Mar 08 12:00:00 AM","4156","0272","113"
"2013 Mar 15 12:00:00 AM","4157","2570","061"
"2013 Mar 22 12:00:00 AM","4158","2770","087"
"2013 Mar 30 12:00:00 AM","4159","1421","112"
"2013 Apr 05 12:00:00 AM","4160","5662","271"
"2013 Apr 12 12:00:00 AM","4161","3651","168"
"2013 Apr 19 12:00:00 AM","4162","4361","218"
"2013 Apr 26 12:00:00 AM","4163","9858","246"
"2013 May 03 12:00:00 AM","4164","5861","101"
"2013 May 10 12:00:00 AM","4165","5711","110"
"2013 May 17 12:00:00 AM","4166","2303","258"
"2013 May 24 12:00:00 AM","4167","1977","013"
"2013 May 31 12:00:00 AM","4168","5320","076"
"2013 Jun 07 12:00:00 AM","4169","0826","082"
"2013 Jun 14 12:00:00 AM","4170","7585","053"
"2013 Jun 21 12:00:00 AM","4171","1708","194"
"2013 Jun 28 12:00:00 AM","4172","7655","141"
"2013 Jul 05 12:00:00 AM","4173","9260","191"
"2013 Jul 12 12:00:00 AM","4174","4934","169"
"2013 Jul 19 12:00:00 AM","4175","5618","141"
"2013 Jul 26 12:00:00 AM","4176","0621","217"
"2013 Aug 02 12:00:00 AM","4177","7706","157"
"2013 Aug 09 12:00:00 AM","4178","9227","077"
"2013 Aug 16 12:00:00 AM","4179","7987","101"
"2013 Aug 23 12:00:00 AM","4180","2607","017"
"2013 Aug 30 12:00:00 AM","4181","8349","215"
"2013 Sep 06 12:00:00 AM","4182","6550","262"
"2013 Sep 13 12:00:00 AM","4183","2713","193"
"2013 Sep 20 12:00:00 AM","4184","8490","218"
"2013 Sep 27 12:00:00 AM","4185","2816","015"
"2013 Oct 04 12:00:00 AM","4186","6963","023"
"2013 Oct 11 12:00:00 AM","4187","5249","023"
"2013 Oct 18 12:00:00 AM","4188","7519","009"
"2013 Oct 25 12:00:00 AM","4189","0455","183"
"2013 Nov 01 12:00:00 AM","4190","4637","157"
"2013 Nov 08 12:00:00 AM","4191","5678","022"
"2013 Nov 15 12:00:00 AM","4192","3298","033"
"2013 Nov 22 12:00:00 AM","4193","5988","194"
"2013 Nov 29 12:00:00 AM","4194","4088","027"
"2013 Dec 06 12:00:00 AM","4195","4100","173"
"2013 Dec 13 12:00:00 AM","4196","5862","054"
"2013 Dec 20 12:00:00 AM","4197","9529","053"
"2013 Dec 27 12:00:00 AM","4198","1995","212"
"2014 Jan 03 12:00:00 AM","4199","7940","023"
"2014 Jan 10 12:00:00 AM","4200","5132","234"
"2014 Jan 17 12:00:00 AM","4201","1713","086"
"2014 Jan 24 12:00:00 AM","4202","6455","080"
"2014 Jan 31 12:00:00 AM","4203","5582","173"
"2014 Feb 07 12:00:00 AM","4204","0949","135"
"2014 Feb 14 12:00:00 AM","4205","1150","116"
"2014 Feb 21 12:00:00 AM","4206","1249","166"
"2014 Feb 28 12:00:00 AM","4207","9154","240"
"2014 Mar 07 12:00:00 AM","4208","1584","255"
"2014 Mar 14 12:00:00 AM","4209","2806","007"
"2014 Mar 21 12:00:00 AM","4210","9847","271"
"2014 Mar 28 12:00:00 AM","4211","8064","100"
"2014 Apr 04 12:00:00 AM","4212","0965","257"
"2014 Apr 11 12:00:00 AM","4213","1270","067"
"2014 Apr 19 12:00:00 AM","4214","1548","137"
"2014 Apr 25 12:00:00 AM","4215","3665","109"
"2014 May 02 12:00:00 AM","4216","9059","143"
"2014 May 09 12:00:00 AM","4217","7916","127"
"2014 May 16 12:00:00 AM","4218","6843","116"
"2014 May 23 12:00:00 AM","4219","2498","151"
"2014 May 30 12:00:00 AM","4220","8758","009"
"2014 Jun 06 12:00:00 AM","4221","7364","121"
"2014 Jun 13 12:00:00 AM","4222","7823","236"
"2014 Jun 20 12:00:00 AM","4223","4845","162"
"2014 Jun 27 12:00:00 AM","4224","9400","248"
"2014 Jul 04 12:00:00 AM","4225","7537","147"
"2014 Jul 11 12:00:00 AM","4226","8954","034"
"2014 Jul 18 12:00:00 AM","4227","3627","149"
"2014 Jul 25 12:00:00 AM","4228","7721","271"
"2014 Aug 01 12:00:00 AM","4229","8986","115"
"2014 Aug 08 12:00:00 AM","4230","6388","255"
"2014 Aug 15 12:00:00 AM","4231","9716","240"
"2014 Aug 22 12:00:00 AM","4232","5507","166"
"2014 Aug 29 12:00:00 AM","4233","5545","209"
"2014 Sep 05 12:00:00 AM","4234","8350","163"
"2014 Sep 12 12:00:00 AM","4235","1884","186"
"2014 Sep 19 12:00:00 AM","4236","7707","029"
"2014 Sep 26 12:00:00 AM","4237","3607","232"
"2014 Oct 03 12:00:00 AM","4238","8502","127"
"2014 Oct 10 12:00:00 AM","4239","4374","225"
"2014 Oct 17 12:00:00 AM","4240","5102","180"
"2014 Oct 24 12:00:00 AM","4241","7959","182"
"2014 Oct 31 12:00:00 AM","4242","5393","240"
"2014 Nov 07 12:00:00 AM","4243","2398","208"
"2014 Nov 14 12:00:00 AM","4244","1569","153"
"2014 Nov 21 12:00:00 AM","4245","9816","292"
"2014 Nov 28 12:00:00 AM","4246","2004","119"
"2014 Dec 05 12:00:00 AM","4247","4125","062"
"2014 Dec 12 12:00:00 AM","4248","3544","006"
"2014 Dec 19 12:00:00 AM","4249","9835","228"
"2014 Dec 26 12:00:00 AM","4250","7603","063"
"2015 Jan 02 12:00:00 AM","4251","0782","059"
"2015 Jan 09 12:00:00 AM","4252","3780","263"
"2015 Jan 16 12:00:00 AM","4253","7608","133"
"2015 Jan 23 12:00:00 AM","4254","1049","117"
"2015 Jan 30 12:00:00 AM","4255","5554","047"
"2015 Feb 06 12:00:00 AM","4256","7643","008"
"2015 Feb 13 12:00:00 AM","4257","9808","005"
"2015 Feb 20 12:00:00 AM","4258","9880","218"
"2015 Feb 27 12:00:00 AM","4259","8104","018"
"2015 Mar 06 12:00:00 AM","4260","0695","136"
"2015 Mar 13 12:00:00 AM","4261","0193","232"
"2015 Mar 20 12:00:00 AM","4262","1721","235"
"2015 Mar 27 12:00:00 AM","4263","1436","269"
"2015 Apr 04 12:00:00 AM","4264","6935","056"
"2015 Apr 10 12:00:00 AM","4265","3133","140"
"2015 Apr 17 12:00:00 AM","4266","0265","011"
"2015 Apr 24 12:00:00 AM","4267","8363","157"
"2015 Apr 30 12:00:00 AM","4268","1672","185"
"2015 May 08 12:00:00 AM","4269","8058","068"
"2015 May 15 12:00:00 AM","4270","7928","069"
"2015 May 22 12:00:00 AM","4271","9390","073"
"2015 May 29 12:00:00 AM","4272","1406","221"
"2015 Jun 05 12:00:00 AM","4273","0700","120"
"2015 Jun 12 12:00:00 AM","4274","7744","282"
"2015 Jun 19 12:00:00 AM","4275","9586","287"
"2015 Jun 26 12:00:00 AM","4276","2708","176"
"2015 Jul 03 12:00:00 AM","4277","1929","051"
"2015 Jul 10 12:00:00 AM","4278","3559","183"
"2015 Jul 17 12:00:00 AM","4279","2611","222"
"2015 Jul 24 12:00:00 AM","4280","9002","290"
"2015 Jul 31 12:00:00 AM","4281","0575","032"
"2015 Aug 07 12:00:00 AM","4282","6999","011"
"2015 Aug 14 12:00:00 AM","4283","4697","024"
"2015 Aug 21 12:00:00 AM","4284","6333","063"
"2015 Aug 28 12:00:00 AM","4285","8409","013"
"2015 Sep 04 12:00:00 AM","4286","6490","123"
"2015 Sep 11 12:00:00 AM","4287","2702","104"
"2015 Sep 18 12:00:00 AM","4288","1172","239"
"2015 Sep 25 12:00:00 AM","4289","2287","074"
"2015 Oct 02 12:00:00 AM","4290","9629","038"
"2015 Oct 09 12:00:00 AM","4291","8448","023"
"2015 Oct 16 12:00:00 AM","4292","1859","073"
"2015 Oct 23 12:00:00 AM","4293","2530","091"
"2015 Oct 30 12:00:00 AM","4294","4472","016"
"2015 Nov 06 12:00:00 AM","4295","7630","090"
"2015 Nov 13 12:00:00 AM","4296","8521","243"
"2015 Nov 20 12:00:00 AM","4297","2431","272"
"2015 Nov 27 12:00:00 AM","4298","4637","002"
"2015 Dec 04 12:00:00 AM","4299","2988","128"
"2015 Dec 11 12:00:00 AM","4300","1815","249"
"2015 Dec 24 12:00:00 AM","4301","7165","264"
"2015 Dec 31 12:00:00 AM","4302","1056","195"
"2016 Jan 08 12:00:00 AM","4303","9594","220"
"2016 Jan 15 12:00:00 AM","4304","3670","034"
"2016 Jan 22 12:00:00 AM","4305","0133","293"
"2016 Jan 29 12:00:00 AM","4306","4338","085"
"2016 Feb 05 12:00:00 AM","4307","0685","224"
"2016 Feb 12 12:00:00 AM","4308","4519","270"
"2016 Feb 19 12:00:00 AM","4309","1116","051"
"2016 Feb 26 12:00:00 AM","4310","7728","284"
"2016 Mar 04 12:00:00 AM","4311","2882","084"
"2016 Mar 11 12:00:00 AM","4312","6630","169"
"2016 Mar 18 12:00:00 AM","4313","6386","121"
"2016 Mar 26 12:00:00 AM","4314","2039","234"
"2016 Apr 01 12:00:00 AM","4315","7219","000"
"2016 Apr 08 12:00:00 AM","4316","0181","237"
"2016 Apr 15 12:00:00 AM","4317","3596","160"
"2016 Apr 22 12:00:00 AM","4318","1181","292"
"2016 Apr 29 12:00:00 AM","4319","9183","265"
"2016 May 06 12:00:00 AM","4320","0268","253"
"2016 May 13 12:00:00 AM","4321","2187","175"
"2016 May 20 12:00:00 AM","4322","5450","102"
"2016 May 27 12:00:00 AM","4323","5226","194"
"2016 Jun 03 12:00:00 AM","4324","5816","011"
"2016 Jun 10 12:00:00 AM","4325","3423","296"
"2016 Jun 17 12:00:00 AM","4326","2696","207"
"2016 Jun 24 12:00:00 AM","4327","0575","099"
"2016 Jul 01 12:00:00 AM","4328","9896","159"
"2016 Jul 08 12:00:00 AM","4329","5823","185"
"2016 Jul 15 12:00:00 AM","4330","7131","255"
"2016 Jul 22 12:00:00 AM","4331","9550","144"
"2016 Jul 29 12:00:00 AM","4332","1176","123"
"2016 Aug 05 12:00:00 AM","4333","1228","086"
"2016 Aug 12 12:00:00 AM","4334","1335","019"
"2016 Aug 19 12:00:00 AM","4335","8100","083"
"2016 Aug 26 12:00:00 AM","4336","1897","049"
"2016 Sep 02 12:00:00 AM","4337","1449","037"
"2016 Sep 09 12:00:00 AM","4338","4554","207"
"2016 Sep 16 12:00:00 AM","4339","7594","146"
"2016 Sep 23 12:00:00 AM","4340","0624","298"
"2016 Sep 30 12:00:00 AM","4341","8712","286"
"2016 Oct 07 12:00:00 AM","4342","8272","194"
"2016 Oct 14 12:00:00 AM","4343","6355","167"
"2016 Oct 21 12:00:00 AM","4344","6087","059"
"2016 Oct 28 12:00:00 AM","4345","1395","044"
"2016 Nov 04 12:00:00 AM","4346","4584","214"
"2016 Nov 11 12:00:00 AM","4347","6888","104"
"2016 Nov 18 12:00:00 AM","4348","2331","269"
"2016 Nov 25 12:00:00 AM","4349","0981","250"
"2016 Dec 02 12:00:00 AM","4350","4006","293"
"2016 Dec 09 12:00:00 AM","4351","4944","051"
"2016 Dec 16 12:00:00 AM","4352","5241","175"
"2016 Dec 30 12:00:00 AM","4353","0417","135"
"2017 Jan 06 12:00:00 AM","4354","4240","069"
"2017 Jan 13 12:00:00 AM","4355","4612","063"
"2017 Jan 20 12:00:00 AM","4356","6620","118"
"2017 Jan 27 12:00:00 AM","4357","5682","152"
"2017 Feb 03 12:00:00 AM","4358","6163","088"
"2017 Feb 10 12:00:00 AM","4359","8192","158"
"2017 Feb 17 12:00:00 AM","4360","5589","006"
"2017 Feb 24 12:00:00 AM","4361","8178","004"
"2017 Mar 03 12:00:00 AM","4362","7292","182"
"2017 Mar 10 12:00:00 AM","4363","9908","053"
"2017 Mar 17 12:00:00 AM","4364","6935","208"
"2017 Mar 24 12:00:00 AM","4365","9746","292"
"2017 Mar 31 12:00:00 AM","4366","2406","292"
"2017 Apr 07 12:00:00 AM","4367","4956","102"
"2017 Apr 12 12:00:00 AM","4368","7074","196"
"2017 Apr 21 12:00:00 AM","4369","8286","009"
"2017 Apr 28 12:00:00 AM","4370","9162","298"
"2017 May 05 12:00:00 AM","4371","4405","216"
"2017 May 12 12:00:00 AM","4372","3842","181"
"2017 May 19 12:00:00 AM","4373","9323","159"
"2017 May 26 12:00:00 AM","4374","9063","254"
"2017 Jun 02 12:00:00 AM","4375","7196","274"
"2017 Jun 09 12:00:00 AM","4376","2804","113"
"2017 Jun 16 12:00:00 AM","4377","7932","228"
"2017 Jun 23 12:00:00 AM","4378","2816","174"
"2017 Jun 30 12:00:00 AM","4379","2880","063"
"2017 Jul 07 12:00:00 AM","4380","9294","077"
"2017 Jul 14 12:00:00 AM","4381","8499","180"
"2017 Jul 21 12:00:00 AM","4382","5681","313"
"2017 Jul 28 12:00:00 AM","4383","3683","191"
"2017 Aug 04 12:00:00 AM","4384","5501","135"
"2017 Aug 11 12:00:00 AM","4385","4674","044"
"2017 Aug 18 12:00:00 AM","4386","3786","132"
"2017 Aug 25 12:00:00 AM","4387","3939","041"
"2017 Sep 01 12:00:00 AM","4388","6712","004"
"2017 Sep 08 12:00:00 AM","4389","5918","014"
"2017 Sep 15 12:00:00 AM","4390","8238","191"
"2017 Sep 22 12:00:00 AM","4391","6422","211"
"2017 Sep 29 12:00:00 AM","4392","7942","301"
"2017 Oct 06 12:00:00 AM","4393","9946","052"
"2017 Oct 13 12:00:00 AM","4394","1731","213"
"2017 Oct 20 12:00:00 AM","4395","0839","272"
"2017 Oct 27 12:00:00 AM","4396","6780","053"
"2017 Nov 03 12:00:00 AM","4397","2416","038"
"2017 Nov 10 12:00:00 AM","4398","4823","231"
"2017 Nov 17 12:00:00 AM","4399","8676","058"
"2017 Nov 24 12:00:00 AM","4400","6834","271"
"2017 Dec 01 12:00:00 AM","4401","7429","329"
"2017 Dec 09 12:00:00 AM","4402","9389","176"
"2017 Dec 15 12:00:00 AM","4403","6334","035"
"2017 Dec 22 12:00:00 AM","4404","0269","275"
"2017 Dec 29 12:00:00 AM","4405","7661","094"
"2018 Jan 05 12:00:00 AM","4406","0587","177"
"2018 Jan 12 12:00:00 AM","4407","6511","002"
"2018 Jan 19 12:00:00 AM","4408","9627","266"
"2018 Jan 26 12:00:00 AM","4409","9248","119"
"2018 Feb 02 12:00:00 AM","4410","4444","130"
"2018 Feb 09 12:00:00 AM","4411","7958","124"
"2018 Feb 16 12:00:00 AM","4412","7954","106"
"2018 Feb 23 12:00:00 AM","4413","9791","054"
"2018 Mar 02 12:00:00 AM","4414","4809","121"
"2018 Mar 09 12:00:00 AM","4415","1295","249"
"2018 Mar 16 12:00:00 AM","4416","2531","308"
"2018 Mar 23 12:00:00 AM","4417","1780","032"
"2018 Mar 31 12:00:00 AM","4418","4786","047"
"2018 Apr 06 12:00:00 AM","4419","6631","186"
"2018 Apr 13 12:00:00 AM","4420","8642","268"
"2018 Apr 20 12:00:00 AM","4421","4272","208"
"2018 Apr 27 12:00:00 AM","4422","2647","228"
"2018 May 04 12:00:00 AM","4423","5801","210"
"2018 May 11 12:00:00 AM","4424","7976","334"
"2018 May 18 12:00:00 AM","4425","5653","157"
"2018 May 25 12:00:00 AM","4426","8975","130"
"2018 Jun 01 12:00:00 AM","4427","7129","051"
"2018 Jun 08 12:00:00 AM","4428","7462","070"
"2018 Jun 15 12:00:00 AM","4429","5444","179"
"2018 Jun 22 12:00:00 AM","4430","6706","147"
"2018 Jun 29 12:00:00 AM","4431","1786","205"
"2018 Jul 06 12:00:00 AM","4432","5943","263"
"2018 Jul 13 12:00:00 AM","4433","6024","248"
"2018 Jul 21 12:00:00 AM","4434","1540","145"
"2018 Jul 27 12:00:00 AM","4435","0250","163"
"2018 Aug 03 12:00:00 AM","4436","0821","336"
"2018 Aug 10 12:00:00 AM","4437","5105","335"
"2018 Aug 17 12:00:00 AM","4438","7525","163"
"2018 Aug 24 12:00:00 AM","4439","9285","212"
"2018 Aug 31 12:00:00 AM","4440","8808","152"
"2018 Sep 07 12:00:00 AM","4441","4410","210"
"2018 Sep 14 12:00:00 AM","4442","7321","100"
"2018 Sep 21 12:00:00 AM","4443","4430","154"
"2018 Sep 28 12:00:00 AM","4444","8012","214"
"2018 Oct 05 12:00:00 AM","4445","4592","257"
"2018 Oct 12 12:00:00 AM","4446","8273","053"
"2018 Oct 19 12:00:00 AM","4447","5840","242"
"2018 Oct 26 12:00:00 AM","4448","4201","295"
"2018 Nov 02 12:00:00 AM","4449","9975","139"
"2018 Nov 09 12:00:00 AM","4450","5471","071"
"2018 Nov 16 12:00:00 AM","4451","3091","081"
"2018 Nov 23 12:00:00 AM","4452","2451","164"
"2018 Nov 30 12:00:00 AM","4453","7678","021"
"2018 Dec 07 12:00:00 AM","4454","2719","019"
"2018 Dec 14 12:00:00 AM","4455","6285","073"
"2018 Dec 21 12:00:00 AM","4456","1515","261"
"2018 Dec 28 12:00:00 AM","4457","7621","049"
"2019 Jan 04 12:00:00 AM","4458","8251","147"
"2019 Jan 11 12:00:00 AM","4459","1500","330"
"2019 Jan 18 12:00:00 AM","4460","7765","012"
"2019 Jan 25 12:00:00 AM","4461","6922","087"
"2019 Feb 01 12:00:00 AM","4462","4461","098"
"2019 Feb 08 12:00:00 AM","4463","5151","135"
"2019 Feb 15 12:00:00 AM","4464","1803","274"
"2019 Feb 22 12:00:00 AM","4465","0922","304"
"2019 Mar 01 12:00:00 AM","4466","9502","029"
"2019 Mar 08 12:00:00 AM","4467","9144","014"
"2019 Mar 15 12:00:00 AM","4468","3056","220"
"2019 Mar 22 12:00:00 AM","4469","5514","308"
"2019 Mar 29 12:00:00 AM","4470","4602","311"
"2019 Apr 05 12:00:00 AM","4471","1460","169"
"2019 Apr 12 12:00:00 AM","4472","9675","274"
"2019 Apr 20 12:00:00 AM","4473","1931","020"
"2019 Apr 26 12:00:00 AM","4474","6756","214"
"2019 May 03 12:00:00 AM","4475","1453","061"
"2019 May 10 12:00:00 AM","4476","6595","003"
"2019 May 17 12:00:00 AM","4477","3590","222"
"2019 May 24 12:00:00 AM","4478","3218","059"
"2019 May 31 12:00:00 AM","4479","9258","106"
"2019 Jun 07 12:00:00 AM","4480","7852","238"
"2019 Jun 14 12:00:00 AM","4481","4726","035"
"2019 Jun 21 12:00:00 AM","4482","8207","002"
"2019 Jun 28 12:00:00 AM","4483","0077","013"
"2019 Jul 05 12:00:00 AM","4484","1938","257"
"2019 Jul 12 12:00:00 AM","4485","4916","132"
"2019 Jul 19 12:00:00 AM","4486","8047","222"
"2019 Jul 26 12:00:00 AM","4487","5458","304"
"2019 Aug 02 12:00:00 AM","4488","5240","276"
"2019 Aug 09 12:00:00 AM","4489","5279","214"
"2019 Aug 16 12:00:00 AM","4490","6945","161"
"2019 Aug 23 12:00:00 AM","4491","8456","091"
"2019 Aug 30 12:00:00 AM","4492","2098","308"
"2019 Sep 06 12:00:00 AM","4493","9990","152"
"2019 Sep 13 12:00:00 AM","4494","5249","091"
"2019 Sep 20 12:00:00 AM","4495","2717","218"
"2019 Sep 27 12:00:00 AM","4496","2507","126"
"2019 Oct 04 12:00:00 AM","4497","9129","320"
"2019 Oct 11 12:00:00 AM","4498","5797","120"
"2019 Oct 18 12:00:00 AM","4499","6787","139"
"2019 Oct 25 12:00:00 AM","4500","8509","124"
"2019 Nov 01 12:00:00 AM","4501","9061","308"
"2019 Nov 08 12:00:00 AM","4502","7667","201"
"2019 Nov 15 12:00:00 AM","4503","6283","016"
"2019 Nov 22 12:00:00 AM","4504","7852","160"
"2019 Nov 29 12:00:00 AM","4505","2222","118"
"2019 Dec 06 12:00:00 AM","4506","7060","304"
"2019 Dec 13 12:00:00 AM","4507","5479","228"
"2019 Dec 20 12:00:00 AM","4508","8899","200"
"2019 Dec 27 12:00:00 AM","4509","3097","326"
"2020 Jan 03 12:00:00 AM","4510","7384","184"
"2020 Jan 10 12:00:00 AM","4511","6377","141"
"2020 Jan 17 12:00:00 AM","4512","3311","191"
"2020 Jan 24 12:00:00 AM","4513","9171","253"
"2020 Jan 31 12:00:00 AM","4514","8876","009"
"2020 Feb 07 12:00:00 AM","4515","2582","042"
"2020 Feb 14 12:00:00 AM","4516","9019","334"
"2020 Feb 21 12:00:00 AM","4517","1972","277"
"2020 Feb 28 12:00:00 AM","4518","6798","266"
"2020 Mar 06 12:00:00 AM","4519","7636","221"
"2020 Mar 13 12:00:00 AM","4520","4702","318"
"2020 Mar 20 12:00:00 AM","4521","9358","047"
"2020 May 15 12:00:00 AM","4522","0211","008"
"2020 May 22 12:00:00 AM","4523","9383","174"
"2020 May 29 12:00:00 AM","4524","5044","119"
"2020 Jun 05 12:00:00 AM","4525","1560","030"
"2020 Jun 12 12:00:00 AM","4526","2312","126"
"2020 Jun 19 12:00:00 AM","4527","6537","054"
"2020 Jun 26 12:00:00 AM","4528","8039","166"
"2020 Jul 03 12:00:00 AM","4529","7767","124"
"2020 Jul 10 12:00:00 AM","4530","7424","164"
"2020 Jul 17 12:00:00 AM","4531","9879","069"
"2020 Jul 24 12:00:00 AM","4532","3363","299"
"2020 Jul 31 12:00:00 AM","4533","4901","238"
"2020 Aug 08 12:00:00 AM","4534","8984","066"
"2020 Aug 14 12:00:00 AM","4535","6143","020"
"2020 Aug 21 12:00:00 AM","4536","0828","174"
"2020 Aug 28 12:00:00 AM","4537","2613","012"
"2020 Sep 04 12:00:00 AM","4538","8508","211"
"2020 Sep 11 12:00:00 AM","4539","9315","134"
"2020 Sep 18 12:00:00 AM","4540","7498","032"
"2020 Sep 25 12:00:00 AM","4541","9055","046"
"2020 Oct 02 12:00:00 AM","4542","9606","169"
"2020 Oct 09 12:00:00 AM","4543","4439","035"
"2020 Oct 16 12:00:00 AM","4544","3045","120"
"2020 Oct 23 12:00:00 AM","4545","7309","003"
"2020 Oct 30 12:00:00 AM","4546","2836","328"
"2020 Nov 06 12:00:00 AM","4547","4387","184"
"2020 Nov 13 12:00:00 AM","4548","3283","146"
"2020 Nov 20 12:00:00 AM","4549","1495","053"
"2020 Nov 27 12:00:00 AM","4550","6132","236"
"2020 Dec 04 12:00:00 AM","4551","6399","245"
"2020 Dec 11 12:00:00 AM","4552","0549","312"
"2020 Dec 18 12:00:00 AM","4553","2429","269"
"2020 Dec 24 12:00:00 AM","4554","1670","299"
"2021 Jan 02 12:00:00 AM","4555","5455","132"
"2021 Jan 08 12:00:00 AM","4556","6589","227"
"2021 Jan 15 12:00:00 AM","4557","7022","226"
"2021 Jan 22 12:00:00 AM","4558","6059","204"
"2021 Jan 29 12:00:00 AM","4559","0374","040"
"2021 Feb 05 12:00:00 AM","4560","0539","320"
"2021 Feb 12 12:00:00 AM","4561","7403","231"
"2021 Feb 19 12:00:00 AM","4562","4468","008"
"2021 Feb 26 12:00:00 AM","4563","6401","072"
"2021 Mar 05 12:00:00 AM","4564","7109","118"
"2021 Mar 12 12:00:00 AM","4565","7675","058"
"2021 Mar 19 12:00:00 AM","4566","3079","223"
"2021 Mar 26 12:00:00 AM","4567","7707","166"
"2021 Apr 03 12:00:00 AM","4568","5614","155"
"2021 Apr 09 12:00:00 AM","4569","3257","153"
"2021 Apr 16 12:00:00 AM","4570","3169","123"
"2021 Apr 23 12:00:00 AM","4571","8781","053"
"2021 Apr 30 12:00:00 AM","4572","1230","114"
"2021 May 07 12:00:00 AM","4573","4807","273"
"2021 May 14 12:00:00 AM","4574","9549","255"
"2021 May 21 12:00:00 AM","4575","3191","030"
"2021 May 28 12:00:00 AM","4576","5741","264"
"2021 Jun 04 12:00:00 AM","4577","2570","303"
"2021 Jun 11 12:00:00 AM","4578","8743","296"
"2021 Jun 18 12:00:00 AM","4579","6418","225"
"2021 Jun 25 12:00:00 AM","4580","2520","021"
"2021 Jul 02 12:00:00 AM","4581","1014","351"
"2021 Jul 09 12:00:00 AM","4582","3356","337"
"2021 Jul 16 12:00:00 AM","4583","1319","149"
"2021 Jul 23 12:00:00 AM","4584","7403","354"
"2021 Jul 30 12:00:00 AM","4585","7516","113"
"2021 Aug 06 12:00:00 AM","4586","5126","196"
"2021 Aug 13 12:00:00 AM","4587","2517","120"
"2021 Aug 20 12:00:00 AM","4588","0861","183"
"2021 Aug 27 12:00:00 AM","4589","2762","237"
"2021 Sep 03 12:00:00 AM","4590","8755","169"
"2021 Sep 10 12:00:00 AM","4591","1447","168"
"2021 Sep 17 12:00:00 AM","4592","9336","295"
"2021 Sep 24 12:00:00 AM","4593","3653","301"
"2021 Oct 01 12:00:00 AM","4594","3535","217"
"2021 Oct 08 12:00:00 AM","4595","0465","226"
"2021 Oct 15 12:00:00 AM","4596","3302","197"
"2021 Oct 22 12:00:00 AM","4597","8228","275"
"2021 Oct 29 12:00:00 AM","4598","4579","315"
"2021 Nov 05 12:00:00 AM","4599","8168","208"
"2021 Nov 12 12:00:00 AM","4600","7611","046"
"2021 Nov 19 12:00:00 AM","4601","7808","090"
"2021 Nov 26 12:00:00 AM","4602","4611","325"
"2021 Dec 03 12:00:00 AM","4603","9978","076"
"2021 Dec 10 12:00:00 AM","4604","8621","290"
"2021 Dec 17 12:00:00 AM","4605","7850","142"
"2021 Dec 24 12:00:00 AM","4606","9832","071"
"2021 Dec 31 12:00:00 AM","4607","4362","349"
"2022 Jan 07 12:00:00 AM","4608","3206","036"
"2022 Jan 14 12:00:00 AM","4609","9747","048"
"2022 Jan 21 12:00:00 AM","4610","7845","280"
"2022 Jan 28 12:00:00 AM","4611","2624","207"
"2022 Feb 04 12:00:00 AM","4612","1341","338"
"2022 Feb 11 12:00:00 AM","4613","5742","78"
"2022 Feb 18 12:00:00 AM","4614","6085","170"
"2022 Feb 25 12:00:00 AM","4615","3306","292"
"2022 Mar 04 12:00:00 AM","4616","1082","122"
"2022 Mar 11 12:00:00 AM","4617","3708","121"
"2022 Mar 18 12:00:00 AM","4618","1677","147"
"2022 Mar 25 12:00:00 AM","4619","3112","223"
"2022 Apr 01 12:00:00 AM","4620","3181","231"
"2022 Apr 08 12:00:00 AM","4621","3729","151"
"2022 Apr 15 12:00:00 AM","4622","1096","175"
"2022 Apr 22 12:00:00 AM","4623","2898","196"
"2022 Apr 29 12:00:00 AM","4624","4915","192"
"2022 May 06 12:00:00 AM","4625","1306","367"
"2022 May 13 12:00:00 AM","4626","0626","086"
"2022 May 20 12:00:00 AM","4627","1427","329"
"2022 May 27 12:00:00 AM","4628","3373","017"
"2022 Jun 03 12:00:00 AM","4629","5937","315"
"2022 Jun 10 12:00:00 AM","4630","6451","071"
"2022 Jun 17 12:00:00 AM","4631","4007","189"
"2022 Jun 24 12:00:00 AM","4632","5631","247"
"2022 Jul 01 12:00:00 AM","4633","6320","346"
"2022 Jul 08 12:00:00 AM","4634","7671","344"
"2022 Jul 15 12:00:00 AM","4635","4044","036"
"2022 Jul 22 12:00:00 AM","4636","8942","259"
"2022 Jul 29 12:00:00 AM","4637","0667","101"
"2022 Aug 05 12:00:00 AM","4638","3562","148"
"2022 Aug 12 12:00:00 AM","4639","0858","232"
"2022 Aug 19 12:00:00 AM","4640","1194","216"
"2022 Aug 26 12:00:00 AM","4641","7167","297"
"2022 Sep 02 12:00:00 AM","4642","0627","068"
"2022 Sep 09 12:00:00 AM","4643","4116","252"
"2022 Sep 16 12:00:00 AM","4644","6083","047"
"2022 Sep 23 12:00:00 AM","4645","1737","115"
"2022 Sep 30 12:00:00 AM","4646","1064","214"
"2022 Oct 07 12:00:00 AM","4647","4974","164"
"2022 Oct 14 12:00:00 AM","4648","2604","271"
"2022 Oct 21 12:00:00 AM","4649","5030","104"
"2022 Oct 28 12:00:00 AM","4650","8388","105"
"2022 Nov 04 12:00:00 AM","4651","4550","004"
"2022 Nov 11 12:00:00 AM","4652","8271","055"
"2022 Nov 18 12:00:00 AM","4653","3950","094"
"2022 Nov 25 12:00:00 AM","4654","9718","354"
"2022 Dec 02 12:00:00 AM","4655","7001","199"
"2022 Dec 09 12:00:00 AM","4656","3975","075"
"2022 Dec 16 12:00:00 AM","4657","8603","072"
"2022 Dec 23 12:00:00 AM","4658","5174","002"
"2022 Dec 30 12:00:00 AM","4659","7134","063"
"2023 Jan 06 12:00:00 AM","4660","1311","339"
"2023 Jan 13 12:00:00 AM","4661","7698","123"
"2023 Jan 20 12:00:00 AM","4662","8945","145"
"2023 Jan 27 12:00:00 AM","4663","3935","214"
"2023 Feb 03 12:00:00 AM","4664","2469","049"
"2023 Feb 10 12:00:00 AM","4665","8424","032"
"2023 Feb 17 12:00:00 AM","4666","3559","042"
"2023 Feb 24 12:00:00 AM","4667","1055","087"
"2023 Mar 03 12:00:00 AM","4668","4732","328"
"2023 Mar 10 12:00:00 AM","4669","9162","182"
"2023 Mar 17 12:00:00 AM","4670","7899","034"
"2023 Mar 24 12:00:00 AM","4671","2228","282"
"2023 Mar 31 12:00:00 AM","4672","8984","311"
"2023 Apr 08 12:00:00 AM","4673","5724","111"
"2023 Apr 14 12:00:00 AM","4674","4773","027"
"2023 Apr 21 12:00:00 AM","4675","4512","218"
"2023 Apr 28 12:00:00 AM","4676","8945","168"
"2023 May 05 12:00:00 AM","4677","4798","127"
"2023 May 12 12:00:00 AM","4678","2701","202"
"2023 May 19 12:00:00 AM","4679","1952","241"
"2023 May 26 12:00:00 AM","4680","8060","158"
"2023 Jun 02 12:00:00 AM","4681","7768","039"
"2023 Jun 09 12:00:00 AM","4682","1258","294"
"2023 Jun 16 12:00:00 AM","4683","9557","332"
"2023 Jun 23 12:00:00 AM","4684","5987","104"
"2023 Jun 30 12:00:00 AM","4685","1279","158"
"2023 Jul 07 12:00:00 AM","4686","7318","340"
"2023 Jul 14 12:00:00 AM","4687","3803","065"
"2023 Jul 21 12:00:00 AM","4688","6539","336"
"2023 Jul 28 12:00:00 AM","4689","2013","180"
"2023 Aug 04 12:00:00 AM","4690","3728","276"
"2023 Aug 11 12:00:00 AM","4691","5328","363"
"2023 Aug 18 12:00:00 AM","4692","3267","342"
"2023 Aug 25 12:00:00 AM","4693","2780","453"
"2023 Sep 01 12:00:00 AM","4694","8716","346"
"2023 Sep 08 12:00:00 AM","4695","1876","280"
"2023 Sep 15 12:00:00 AM","4696","1480","067"
"2023 Sep 22 12:00:00 AM","4697","1666","496"
"2023 Sep 29 12:00:00 AM","4698","1767","134"
"2023 Oct 06 12:00:00 AM","4699","8058","311"
"2023 Oct 13 12:00:00 AM","4700","6313","235"
"2023 Oct 20 12:00:00 AM","4701","0204","074"
"2023 Oct 27 12:00:00 AM","4702","1090","111"
"2023 Nov 03 12:00:00 AM","4703","2410","271"
"2023 Nov 10 12:00:00 AM","4704","0247","210"
"2023 Nov 17 12:00:00 AM","4705","9234","464"
"2023 Nov 24 12:00:00 AM","4706","5938","227"
"2023 Dec 01 12:00:00 AM","4707","2518","011"
"2023 Dec 07 12:00:00 AM","4708","1597","120"
"2023 Dec 15 12:00:00 AM","4709","7630","005"
"2023 Dec 22 12:00:00 AM","4710","8645","483"
"2023 Dec 29 12:00:00 AM","4711","9867","425"
"2024 Jan 05 12:00:00 AM","4712","2864","160"
"2024 Jan 12 12:00:00 AM","4713","4180","319"
"2024 Jan 19 12:00:00 AM","4714","6543","074"
"2024 Jan 26 12:00:00 AM","4715","9490","422"
"2024 Feb 02 12:00:00 AM","4716","9533","081"
"2024 Feb 09 12:00:00 AM","4717","2079","129"
"2024 Feb 16 12:00:00 AM","4718","2067","252"
"2024 Feb 23 12:00:00 AM","4719","0447","411"
"2024 Mar 01 12:00:00 AM","4720","3863","215"
"2024 Mar 08 12:00:00 AM","4721","7087","095"
"2024 Mar 15 12:00:00 AM","4722","7128","492"
"2024 Mar 22 12:00:00 AM","4723","3332","231"
"2024 Mar 30 12:00:00 AM","4724","2570","387"
"2024 Apr 05 12:00:00 AM","4725","0123","164"
"2024 Apr 12 12:00:00 AM","4726","9690","140"
"2024 Apr 19 12:00:00 AM","4727","7611","147"
"2024 Apr 26 12:00:00 AM","4728","8323","197"
"2024 May 03 12:00:00 AM","4729","2218","490"
"2024 May 10 12:00:00 AM","4730","6633","149"
"2024 May 17 12:00:00 AM","4731","1243","201"
"2024 May 24 12:00:00 AM","4732","5701","010"
"2024 May 31 12:00:00 AM","4733","5217","302"
"2024 Jun 07 12:00:00 AM","4734","5855","295"
"2024 Jun 14 12:00:00 AM","4735","6860","266"
"2024 Jun 21 12:00:00 AM","4736","3248","169"
"2024 Jun 28 12:00:00 AM","4737","1736","073"
"2024 Jul 05 12:00:00 AM","4738","7905","470"
"2024 Jul 12 12:00:00 AM","4739","9288","275"
"2024 Jul 19 12:00:00 AM","4740","4022","403"
"2024 Jul 26 12:00:00 AM","4741","9125","417"
"2024 Aug 02 12:00:00 AM","4742","4480","344"
"2024 Aug 09 12:00:00 AM","4743","2530","369"
"2024 Aug 16 12:00:00 AM","4744","7311","015"
"2024 Aug 23 12:00:00 AM","4745","5559","140"
"2024 Aug 30 12:00:00 AM","4746","0845","139"
"2024 Sep 06 12:00:00 AM","4747","7737","208"
"2024 Sep 13 12:00:00 AM","4748","0083","010"
"2024 Sep 20 12:00:00 AM","4749","8724","073"
"2024 Sep 27 12:00:00 AM","4750","8347","263"
"2024 Oct 04 12:00:00 AM","4751","9937","174"
"2024 Oct 11 12:00:00 AM","4752","8441","131"
"2024 Oct 18 12:00:00 AM","4753","8650","362"
"2024 Oct 25 12:00:00 AM","4754","5318","216"
"2024 Nov 01 12:00:00 AM","4755","5972","096"
"2024 Nov 08 12:00:00 AM","4756","7175","009"
"2024 Nov 15 12:00:00 AM","4757","0966","017"
"2024 Nov 22 12:00:00 AM","4758","0852","122"
"2024 Nov 29 12:00:00 AM","4759","1916","414"
"2024 Dec 06 12:00:00 AM","4760","8901","347"
"2024 Dec 13 12:00:00 AM","4761","6540","474"
"2024 Dec 20 12:00:00 AM","4762","4085","356"
"2024 Dec 27 12:00:00 AM","4763","5536","400"
"2025 Jan 03 12:00:00 AM","4764","0423","205"
"2025 Jan 10 12:00:00 AM","4765","0728","047"
"2025 Jan 17 12:00:00 AM","4766","7025","418"
"2025 Jan 24 12:00:00 AM","4767","2678","461"
"2025 Jan 31 12:00:00 AM","4768","5740","470"
"2025 Feb 07 12:00:00 AM","4769","0185","059"
"2025 Feb 14 12:00:00 AM","4770","3686","217"
"2025 Feb 21 12:00:00 AM","4771","2185","101"
"2025 Feb 28 12:00:00 AM","4772","0492","067"
"2025 Mar 07 12:00:00 AM","4773","5359","186"
"2025 Mar 14 12:00:00 AM","4774","1682","311"
"2025 Mar 21 12:00:00 AM","4775","7290","220"
"2025 Mar 28 12:00:00 AM","4776","2097","082"
"2025 Apr 04 12:00:00 AM","4777","3484","192"
"2025 Apr 11 12:00:00 AM","4778","4020","115"
"2025 Apr 19 12:00:00 AM","4779","9060","018"
"2025 Apr 25 12:00:00 AM","4780","4266","206"
"2025 May 02 12:00:00 AM","4781","0071","080"
"2025 May 09 12:00:00 AM","4782","5329","238"
"2025 May 16 12:00:00 AM","4783","9405","230"
"2025 May 23 12:00:00 AM","4784","9798","049"
"2025 May 30 12:00:00 AM","4785","0624","048"
"2025 Jun 06 12:00:00 AM","4786","6840","485"
"2025 Jun 13 12:00:00 AM","4787","6138","477"
"2025 Jun 20 12:00:00 AM","4788","0539","331"
"2025 Jun 27 12:00:00 AM","4789","9190","485"
"2025 Jul 04 12:00:00 AM","4790","9408","270"
"2025 Jul 11 12:00:00 AM","4791","7653","005"
"2025 Jul 18 12:00:00 AM","4792","7800","272"
"2025 Jul 25 12:00:00 AM","4793","6641","076"
"2025 Aug 01 12:00:00 AM","4794","5334","302"
"2025 Aug 08 12:00:00 AM","4795","9844","182"
"2025 Aug 15 12:00:00 AM","4796","7739","381"
"2025 Aug 22 12:00:00 AM","4797","4918","310"
"2025 Aug 29 12:00:00 AM","4798","8388","079"
"2025 Sep 05 12:00:00 AM","4799","8417","341"
"2025 Sep 12 12:00:00 AM","4800","3472","401"
"2025 Sep 19 12:00:00 AM","4801","5321","103"
"2025 Sep 26 12:00:00 AM","4802","0174","070"
"2025 Oct 03 12:00:00 AM","4803","9860","349"
"2025 Oct 10 12:00:00 AM","4804","2619","045"
"2025 Oct 17 12:00:00 AM","4805","0903","296"
